1,"Kerby Richardson",krichardson0@sfgate.com,55QcNg4
2,"Blanca Trolley Ferreira",btrolley1@so-net.ne.jp,fZpCuA
3,"Meara Skea",mskea2@weibo.com,xhgDPgvmQW1o
5,"Gothart Purdom",gpurdom4@prlog.org,EwZp2TDucBsY
6,"Mic Ionnidis",mionnidis5@earthlink.net,6hy1y8d
7,"Eirena Highton",ehighton6@moonfruit.com,OFp8SE7
8,"Clementius Chidwick",cchidwick7@unblog.fr,IHn2Cu
9,"Gary Keemer",gkeemer8@facebook.com,eXwISzW
10,"Karissa Martinson",kmartinson9@sbwire.com,r24Y9sGqH
11,"Kenyon Galiford",kgaliforda@bloglines.com,PfdKvYh
12,"Mel MacMichael",mmacmichaelb@lulu.com,nAhCT23Vs
13,"Kaine Richardes",krichardesc@microsoft.com,QIK3ehkz
14,"Milly Coultous",mcoultousd@qq.com,o6wRKe2QRIFX
15,"Nickie Mazzei",nmazzeie@blinklist.com,XCoLq8pLEQ
16,"Harmonia Odby",hodbyf@bloglovin.com,k0uCJS
17,"Ardyce Halfacre",ahalfacreg@slideshare.net,WGC69nag9k
18,"Janina Goor",jgoorh@sfgate.com,t7qiKAokJ9OA
19,"Gisele Girardy",ggirardyi@drupal.org,YqJdxh4
20,"Lenna Bartos",lbartosj@vimeo.com,ro8pGb
21,"Babbette Mollen",bmollenk@blogspot.com,vrBq64yHJ0
22,"Miranda Clutheram",mclutheraml@telegraph.co.uk,xnfXjs
23,"Rey Firidolfi",rfiridolfim@google.ru,tj18G9
24,"Rebecka Pashe",rpashen@feedburner.com,zavwRjlpka
25,"Teresa Covell",tcovello@surveymonkey.com,kiFrsf1xj
26,"Wain Dalwood",wdalwoodp@prweb.com,7SwusS
27,"Anthe MacCaughan",amaccaughanq@sphinn.com,sC8oAHV
28,"Jake Szepe",jszeper@npr.org,omzB0nTJtX
29,"Seumas Schorah",sschorahs@weibo.com,5iJf1SYYrTBR
30,"Berrie Fulkes",bfulkest@opensource.org,uNDZ61v
31,"Leanora Albasiny",lalbasinyu@altervista.org,mjI727HTPFwI
32,"Somerset Rudgerd",srudgerdv@bandcamp.com,zrPiRvV6T8X
33,"Emlynn Zannutti",ezannuttiw@desdev.cn,Q8PhcdJn
34,"Elli Gautrey",egautreyx@google.it,gyANI6qJhmxz
35,"Kyle McCrainor",kmccrainory@jalbum.net,vI7GJqa8gGcd
36,"Roanna Spolton",rspoltonz@chicagotribune.com,mbXlVMC91uE
37,"Jone Pabel",jpabel10@mail.ru,lCyCypZcFcF
38,"Katya Hopkins",khopkins11@yahoo.co.jp,X8902Rp
39,"Zenia Josefson",zjosefson12@de.vu,eif9ECp
40,"Efrem Macro",emacro13@nhs.uk,VKsZuz7oEb
41,"Jacobo Cuthill",jcuthill14@salon.com,H64c1dP
42,"Shellysheldon Waliszek",swaliszek15@bloglovin.com,b69pL9odQf5
43,"Sherwynd Teaz",steaz16@weibo.com,UeCpInruC3c
44,"Glenn Richten",grichten17@php.net,9LCCaiYu
45,"Annamarie Chant",achant18@creativecommons.org,n6fjnS
46,"Wallis Connue",wconnue19@indiatimes.com,0jYeojNu
47,"Steffie Bennough",sbennough1a@rakuten.co.jp,sNiwYOBKpn0O
48,"Jorry Wiersma",jwiersma1b@mozilla.com,hC9XDSJPx4Ts
49,"Karola Rickets",krickets1c@redcross.org,hrr1zGD3
50,"Findlay Scogin",fscogin1d@jimdo.com,4IzigAckWn
51,"Doralin Helliwell",dhelliwell1e@sogou.com,ZWO1iZ
52,"Jemimah Kitchingman",jkitchingman1f@google.it,rruQJIS3e
53,"Anabel Martygin",amartygin1g@independent.co.uk,tnHyzYshCL9
54,"Carlie Slorach",cslorach1h@wikispaces.com,H1KVB6ZrnU
55,"Alexio Reymers",areymers1i@salon.com,NTk1qgs
56,"Wolfie Caseri",wcaseri1j@who.int,gGseYNrirT9
57,"Leeanne Crabb",lcrabb1k@dagondesign.com,OUeXPmEQRuyD
58,"Wilona Stepto",wstepto1l@eepurl.com,DSYPjXu4VK
59,"Jacqueline Phillput",jphillput1m@umn.edu,LCgUod
60,"Odille Le Fevre",ole1n@tmall.com,Do6qpQ
61,"Brok Hollows",bhollows1o@indiegogo.com,OZ8eSwWjnPg
62,"Silvain Mulles",smulles1p@pbs.org,zNw3Ey
63,"Brose Almack",balmack1q@msu.edu,UpiFRZ
64,"Herc Pray",hpray1r@sitemeter.com,BGIKUr
65,"Farica Suller",fsuller1s@scribd.com,FHQl2P
66,"Rowney Farrans",rfarrans1t@skype.com,zBEb5wJ
67,"Ethe MacGovern",emacgovern1u@plala.or.jp,bqPpNO16KNEb
68,"Kevina Bremmer",kbremmer1v@freewebs.com,gZetJgHf7CuH
69,"Darn Furby",dfurby1w@gov.uk,EcnNoP5
70,"Borg Dunham",bdunham1x@un.org,unGjaxA5HBfK
71,"Tawsha Latour",tlatour1y@bloglines.com,bUDRrnF
72,"Marleen Letford",mletford1z@shop-pro.jp,BkHGiRVa
73,"Morgana Keattch",mkeattch20@com.com,SdQsevV
74,"Sher Vater",svater21@usa.gov,3kRvrbKVKFIr
75,"Katharyn Gannicott",kgannicott22@wp.com,QB54j7
76,"Shelba Rossbrook",srossbrook23@ameblo.jp,qdXrR1gAAkWE
77,"Tremain McFade",tmcfade24@cargocollective.com,5noXRr4rh5
78,"Haily Tomasicchio",htomasicchio25@ameblo.jp,70r9FCO
79,"Wally Murtimer",wmurtimer26@tinyurl.com,ydygtgk06
80,"Thalia Bowbrick",tbowbrick27@pen.io,IgauWbLFTt
81,"Early Thorwarth",ethorwarth28@wordpress.org,7B10Iik1
82,"Margalo Friedlos",mfriedlos29@symantec.com,NdLzoNb
83,"Bradan Boatwright",bboatwright2a@senate.gov,8QlLJCyc98ST
84,"Gibby Kibblewhite",gkibblewhite2b@google.co.uk,6Bx9ykh3NF
85,"Effie Grewe",egrewe2c@mozilla.org,0egmoytBWjhQ
86,"Jesus Yurivtsev",jyurivtsev2d@delicious.com,0ddFHZP
87,"Lorianne Nusche",lnusche2e@merriam-webster.com,W9SDDZC5Fm
88,"Bartram Erasmus",berasmus2f@upenn.edu,knq1ggrQbl
89,"Dom Ramelet",dramelet2g@shareasale.com,Ru4Rpl4xI5
90,"Filberte Fintoph",ffintoph2h@livejournal.com,5LtOouDC
91,"Tildi Cowitz",tcowitz2i@nih.gov,eM3lmYw
92,"Gilbert Myford",gmyford2j@zimbio.com,D6QGo3i
93,"Doria Viollet",dviollet2k@theatlantic.com,myOcrZUNsjA4
94,"Neel Osgordby",nosgordby2l@wufoo.com,cye9SkV
95,"Gayla Shine",gshine2m@sourceforge.net,RPTo2fyU
96,"Lesley Van der Spohr",lvan2n@posterous.com,4aUh1O
97,"Franchot Dannatt",fdannatt2o@statcounter.com,bPXyYVkqnj
98,"Winne Pember",wpember2p@i2i.jp,Z1gipJqC9
99,"Agnese Laugier",alaugier2q@wordpress.org,k0FabGxqAh
100,"Salomone Capstick",scapstick2r@github.com,94qtsY3
101,"Fabiano Stockings",fstockings2s@un.org,GQBkLil1H9
102,"Pauly Featonby",pfeatonby2t@wordpress.com,gLZ4i21NwNUN
103,"Guglielma Le - Count",gle2u@admin.ch,94HTU8ev
104,"Edee Grafham",egrafham2v@wordpress.org,oE2T0mHVEa
105,"Jena Fisbburne",jfisbburne2w@ted.com,DIsAZnnphpD
106,"Ema MacGuffie",emacguffie2x@adobe.com,2usQukta
107,"Evonne Saffe",esaffe2y@intel.com,5Hv69tQyoyY
108,"Clevey Bottoner",cbottoner2z@auda.org.au,t6A0L6
109,"Van Ketts",vketts30@auda.org.au,E35GRSlBD0
110,"Jenelle Blucher",jblucher31@hubpages.com,NTzXz21
111,"Melvin Pontefract",mpontefract32@toplist.cz,OKozYTjSKV
112,"Catharine Larrett",clarrett33@imageshack.us,SJ6tAh
113,"Di Burchett",dburchett34@youku.com,XF2EmAloaX
114,"Sigmund Rumble",srumble35@webmd.com,aCr2b5dL8
115,"Xenos Trembey",xtrembey36@hubpages.com,aow5o5
116,"Tallulah Caret",tcaret37@nhs.uk,Mq4LFjFinwK
117,"Liv Benfell",lbenfell38@twitpic.com,55M3OQTpFk
118,"Carla Irvine",cirvine39@dagondesign.com,aFIkWVLRB0W2
119,"Barbey Andren",bandren3a@europa.eu,d5M8scO04Rj
120,"Bamby Evitts",bevitts3b@tmall.com,m8KIE49g5eQf
121,"Marissa Buglar",mbuglar3c@redcross.org,Aqf9gdN
122,"Leann Hornbuckle",lhornbuckle3d@networkadvertising.org,mqh94mGCQlC9
123,"Prescott Gosswell",pgosswell3e@diigo.com,FBwhASJBSLj
124,"Lorain Bohje",lbohje3f@histats.com,7shcbuUF7C
125,"Burnaby Bruun",bbruun3g@admin.ch,ULze4iCfRUT
126,"Tally Manifield",tmanifield3h@exblog.jp,CCUrILVr7SUr
127,"Danette Nitti",dnitti3i@indiegogo.com,byNS9rzl9Ya9
128,"Rochester McOrkill",rmcorkill3j@technorati.com,UWszp9
129,"Raddy Casewell",rcasewell3k@simplemachines.org,UfZkgekh0
130,"Sena Juares",sjuares3l@ehow.com,Aeluh6vPlcfL
131,"Inez MacNelly",imacnelly3m@pagesperso-orange.fr,fsPtTI8UAB
132,"Redford Gillow",rgillow3n@ucsd.edu,ala5GRwXqMcE
133,"Adelaide Doogue",adoogue3o@bbb.org,Xgrbec
134,"Alayne Rothon",arothon3p@vinaora.com,GXsYeks9R
135,"Perice Finch",pfinch3q@cam.ac.uk,VqLHp2JI
136,"Dasya Coldtart",dcoldtart3r@deliciousdays.com,7iSjUM
137,"Rubia Kaasmann",rkaasmann3s@reuters.com,ninzzQ
138,"Tallie Burthom",tburthom3t@is.gd,mB7o7D3
139,"Matias Gitsham",mgitsham3u@biglobe.ne.jp,cmXOxsVNguB
140,"Christa Muglestone",cmuglestone3v@sitemeter.com,Jq61Xz
141,"Ivor Bolle",ibolle3w@howstuffworks.com,wwrTbbLX
142,"Beau Inott",binott3x@blogtalkradio.com,n5gbCx3
143,"Gardiner Bonafant",gbonafant3y@merriam-webster.com,0Niu3UKm
144,"Hernando Guyon",hguyon3z@angelfire.com,4bgSLv
145,"Dani O'Sculley",dosculley40@newyorker.com,Hrk03oUff
146,"Sherri Oager",soager41@businessinsider.com,4uJ184GGAd
147,"Joseito Moorhead",jmoorhead42@posterous.com,Sn653FP
148,"Kiri Welton",kwelton43@mysql.com,0JnPNwUkD5
149,"Tull Goodlud",tgoodlud44@technorati.com,Jo3wVpyA
150,"Broderic Heggadon",bheggadon45@addthis.com,Wk44CE2q7
151,"Noelani Oman",noman46@de.vu,fuobAE4CL
152,"Retha Manby",rmanby47@example.com,seR8kYZS9
153,"Molli Nibley",mnibley48@histats.com,Ewjx3uKP72Te
154,"Rasia Springham",rspringham49@blogtalkradio.com,HCPd8rh5N
155,"Nara Minucci",nminucci4a@comsenz.com,uOoBB3YLE
156,"Carlie Baldung",cbaldung4b@elegantthemes.com,fU3Nmu6ue
157,"Cornelle Aland",caland4c@nifty.com,rZbwzJC99
158,"Marice Barriball",mbarriball4d@pen.io,SvUJBb
159,"Anya Burnup",aburnup4e@apple.com,pXlL4JH2PjY
160,"Jonis Longson",jlongson4f@jiathis.com,HHNFqPbhCb5
161,"Brandi Ryhorovich",bryhorovich4g@clickbank.net,Qu6CpKx
162,"Drake Greenhouse",dgreenhouse4h@si.edu,K65yBC
163,"Corney Basire",cbasire4i@twitter.com,8AYWNaP
164,"Ellwood Haydn",ehaydn4j@ted.com,KO3koRFrARS
165,"Esra Baudassi",ebaudassi4k@fema.gov,5JRD4ZCdJ
166,"Tate Duffett",tduffett4l@kickstarter.com,BRz0IXXfC
167,"Rockey Glen",rglen4m@home.pl,oWxVuE7
168,"Cosmo Chafer",cchafer4n@deliciousdays.com,bgwxLo
169,"Selina Wrathall",swrathall4o@sphinn.com,hwTz8nQzei
170,"Vasily Shirrell",vshirrell4p@plala.or.jp,IoqFxGNq
171,"Emilio Crysell",ecrysell4q@illinois.edu,BUxhui0X
172,"Evangelia Liveley",eliveley4r@wsj.com,BGprU9y7GmM
173,"Delilah Cridge",dcridge4s@bloglovin.com,7UytbsW6b
174,"Candace Matterdace",cmatterdace4t@google.com.au,AR1Rgb
175,"Anissa Mocquer",amocquer4u@deviantart.com,OJim5m
176,"Zandra Uzelli",zuzelli4v@yale.edu,rrUKvPPafqbK
177,"Basia Fidock",bfidock4w@ebay.co.uk,s4UUqu
178,"Geri Hofton",ghofton4x@fastcompany.com,8Tb8NN7sr
179,"Fedora Winterbottom",fwinterbottom4y@posterous.com,3EA0g7dEuW
180,"Arney Malacrida",amalacrida4z@mit.edu,TiV2EYLc2sg
181,"Gracie Challace",gchallace50@vimeo.com,IPgfZKQ
182,"Kaylyn Earengey",kearengey51@creativecommons.org,GPpr5eW
183,"Briny Newcombe",bnewcombe52@squidoo.com,ThuKkf
184,"Mei Simison",msimison53@lycos.com,24jiGOFdfjcP
185,"Gaelan Brookson",gbrookson54@blogtalkradio.com,Gn2K0mW8K
186,"Meryl Pouton",mpouton55@infoseek.co.jp,7lp36V
187,"Perri Rickarsey",prickarsey56@goo.ne.jp,nmIYFQrJ2bzc
188,"Cross Obbard",cobbard57@livejournal.com,qJae2EJS5
189,"Arlana Hylden",ahylden58@phpbb.com,XnCoSa
190,"Willa Roydon",wroydon59@ft.com,zn56XVXEP
191,"Stevena Partlett",spartlett5a@dell.com,6pcX28T
192,"Millicent Inch",minch5b@prweb.com,XClNULq
193,"Hewett Stenett",hstenett5c@wikipedia.org,FE5fdB
194,"Lila Bentson",lbentson5d@unc.edu,2hGw9rPqPB
195,"Maxy Bramo",mbramo5e@mapy.cz,NRTIr8s2wj
196,"Kalli Bennedick",kbennedick5f@hibu.com,5kA2rzBDaS
197,"Clarine Hinkes",chinkes5g@sun.com,1Gvj00nyAxt
198,"Zelig Meffen",zmeffen5h@naver.com,xcH6Huu
199,"Natividad Frickey",nfrickey5i@imageshack.us,k438QM51JtPg
200,"Tallulah Sumshon",tsumshon5j@homestead.com,zNu4Dg
201,"Gigi Fellini",gfellini5k@surveymonkey.com,0Kz2i6cd
202,"Kipp Frodsam",kfrodsam5l@prlog.org,08oRYZDV5
203,"Edee Piletic",epiletic5m@plala.or.jp,nWBCiycnJAOH
204,"Rochella Jedras",rjedras5n@github.io,bCgoWmc
205,"Riccardo Itscovitz",ritscovitz5o@about.me,ebl7YBjorwb
206,"Reeba Garforth",rgarforth5p@furl.net,dKgIFXG4h
207,"Chas Vanne",cvanne5q@state.gov,bKe5cJbi
208,"Gustie Moverley",gmoverley5r@google.com,2tFZ72I0Q1
209,"Dare Gookes",dgookes5s@mayoclinic.com,EWe2CR
210,"Thorin Lyver",tlyver5t@rambler.ru,9QETLdwJduD
211,"Derrik Jennions",djennions5u@ebay.co.uk,vUlfk5
212,"Serge Zottoli",szottoli5v@symantec.com,43iEdQlXZPW
213,"Fallon McGrorty",fmcgrorty5w@myspace.com,w6quPXT
214,"Steward Poulston",spoulston5x@google.ru,5EE818iEipN
215,"Anne Lawther",alawther5y@xrea.com,6YaZFFX3st
216,"Redford Mulbery",rmulbery5z@ucsd.edu,ulzR5X0
217,"Madeleine Pendrid",mpendrid60@a8.net,QaYdQZWfo
218,"Marris Romanetti",mromanetti61@oracle.com,WBWRryuvv
219,"Thedric Kirkby",tkirkby62@t.co,oExyL99R
220,"Addison Schulter",aschulter63@woothemes.com,2TPUc1
221,"Kain holmes",kholmes64@pinterest.com,I40RMCaKXI
222,"Doralyn Coonihan",dcoonihan65@telegraph.co.uk,icGmhiDp
223,"Alexi Jachimczak",ajachimczak66@imgur.com,MjB8Ensg
224,"Gabriellia Baldree",gbaldree67@163.com,Wb28rkt
225,"Galvin Ghiroldi",gghiroldi68@bing.com,fiupVtrmF
226,"Moritz Caudrey",mcaudrey69@columbia.edu,UB20dmu
227,"Zachariah Rablen",zrablen6a@bluehost.com,4K6rCEBNiLk
228,"Berne Kirkam",bkirkam6b@msn.com,008mSHhYh
229,"Stacey Tremoulet",stremoulet6c@so-net.ne.jp,sRO0SiOH
230,"Cyrillus Consadine",cconsadine6d@e-recht24.de,IVrzFEnuS9oU
231,"Malissa MacAloren",mmacaloren6e@mit.edu,dPBftX
232,"Basilio Scargill",bscargill6f@utexas.edu,v2ULiTHkr
233,"Oren Celler",oceller6g@sina.com.cn,71XLO6POYQU
234,"Filberto Tuny",ftuny6h@imageshack.us,42V4adR
235,"Julianne Garfit",jgarfit6i@redcross.org,VxvBpq
236,"Shelton Bloyes",sbloyes6j@google.nl,bJtxQjBq
237,"Jaquenette Martygin",jmartygin6k@msu.edu,LxS991
238,"Zahara Morales",zmorales6l@webeden.co.uk,VB7TB6h
239,"Nial McGonagle",nmcgonagle6m@uiuc.edu,Flbwws
240,"Garvy Allenson",gallenson6n@vkontakte.ru,NcvxTFe
241,"Dorine Bertl",dbertl6o@abc.net.au,E7Hsw3OSvbA
242,"Clio Basnall",cbasnall6p@addtoany.com,J9vvAHx9C
243,"Natasha Denzey",ndenzey6q@fema.gov,HJMa7o
244,"Claudie Attenborough",cattenborough6r@cnet.com,xzYUI06cBw
245,"Euphemia Meffin",emeffin6s@naver.com,lCOvRzPaOf
246,"Margret O'Logan",mologan6t@wordpress.com,t18ETm0E7sF
247,"Olivier Mahaddie",omahaddie6u@about.com,h10t84v6I
248,"Lishe Fulmen",lfulmen6v@fotki.com,K9tIYf11
249,"Kissee Martello",kmartello6w@ucoz.ru,72O5vhX0mgns
250,"Tatiania Peterson",tpeterson6x@xinhuanet.com,jmPRFWLN4Z4E
251,"Golda Madison",gmadison6y@dion.ne.jp,q1ttoCBNx
252,"Sybila Hackleton",shackleton6z@goo.gl,UT7amk
253,"Norrie Albin",nalbin70@ted.com,R1mQeCJX
254,"Levin Sprankling",lsprankling71@cbsnews.com,qba1hbN
255,"Titus Summersby",tsummersby72@stumbleupon.com,HDZvnSl6rL
256,"Robbie Kember",rkember73@yahoo.co.jp,7sRPLiH
257,"Jacenta Carlett",jcarlett74@posterous.com,uufQvYzfxIq
258,"Saunder Calabry",scalabry75@tuttocitta.it,yfEa1Q
259,"Lee Durham",ldurham76@biglobe.ne.jp,N21BvXkAeszo
260,"Lovell Hasselby",lhasselby77@msn.com,HGfPKlL6bPP
261,"Cecil McNiff",cmcniff78@slideshare.net,zaIkGbFaogYj
262,"Earle Pogg",epogg79@seattletimes.com,5zuA6DUMt2
263,"Pete Eustanch",peustanch7a@statcounter.com,tRtf1UyPn8B
264,"Xymenes Bogue",xbogue7b@github.com,GOp1ljEbzh
265,"Regine Chattelaine",rchattelaine7c@intel.com,k3hub7
266,"Stacy Attawell",sattawell7d@ucoz.ru,oLsIv6dAtHjL
267,"Codie Behagg",cbehagg7e@mapy.cz,ir9VpIP6HQwh
268,"Kathi Woodberry",kwoodberry7f@t-online.de,D4sP006nToQ
269,"Benjamin Strauss",bstrauss7g@twitter.com,AyeLZ7
270,"Bailie Rossey",brossey7h@imdb.com,VcAacbnYU6
271,"Bennie Ferney",bferney7i@nsw.gov.au,NU7Xda7ndwq
272,"Denna Becraft",dbecraft7j@myspace.com,QEGRGilgg
273,"Carling Rizzelli",crizzelli7k@ca.gov,1wytqoZbWLS
274,"Kassi Millthorpe",kmillthorpe7l@ucla.edu,RswePufZ
275,"Nathaniel Darwen",ndarwen7m@sourceforge.net,PEPPqMeKAbf
276,"Pincus Terran",pterran7n@loc.gov,NpneX9KkS
277,"Amie Clubley",aclubley7o@bloglines.com,Wy4HquSAW
278,"Galen Rigbye",grigbye7p@mapy.cz,F8lfX4IL
279,"Evan MacWilliam",emacwilliam7q@oaic.gov.au,Ve9ZJEw1Q
280,"Augustine Cottis",acottis7r@samsung.com,ruenFgq9tlH
281,"Cassandra Sanchis",csanchis7s@ocn.ne.jp,2Jmypq
282,"Kit Ahearne",kahearne7t@csmonitor.com,t8xV9PdOcbQ
283,"Vance Louche",vlouche7u@pbs.org,ifpfOUdq5
284,"Rodrique Derr",rderr7v@sbwire.com,hG595TW
285,"Gwenneth Esson",gesson7w@bbc.co.uk,ceN3xy6iUblb
286,"Susette Pasquale",spasquale7x@indiegogo.com,lk9MLjPfZkkw
287,"Mick Branwhite",mbranwhite7y@unesco.org,hrYALttFpn
288,"Iona Keymar",ikeymar7z@blogger.com,w5imyQk
289,"Elane Sandeford",esandeford80@hubpages.com,zPdnAQd
290,"Storm Comley",scomley81@ucoz.com,BEBOnQnT4N
291,"Errick Gutsell",egutsell82@soup.io,9a1VJ6DhQCaB
292,"Jo-ann Rutter",jrutter83@technorati.com,I6XjG9SXuH
293,"Shalne Freund",sfreund84@feedburner.com,9H6d3R69L
294,"Ottilie Hulett",ohulett85@artisteer.com,WQQwGDwhSXCa
295,"Dur Leggis",dleggis86@youtu.be,rhiydN7N
296,"Rosalinda Seger",rseger87@amazon.de,tQkTkPXliy
297,"Scottie Chudleigh",schudleigh88@blogger.com,gzh1VgnvmcE
298,"Kevyn Gurery",kgurery89@hhs.gov,j3hxJEFmKMr
299,"Liam Derrington",lderrington8a@hostgator.com,zgiLwSv9I
300,"Hyacintha Saveall",hsaveall8b@washingtonpost.com,NJyeZXEXq0
301,"Nikkie Roizn",nroizn8c@clickbank.net,KSXsoBwBC
302,"Rowe Dominick",rdominick8d@youku.com,0D3T1Q
303,"Henriette Pescud",hpescud8e@foxnews.com,qqsUCoO8e
304,"Griselda Dewitt",gdewitt8f@miitbeian.gov.cn,J7K9eBQ
305,"Izaak Lace",ilace8g@phpbb.com,Djr1lATsTXl
306,"Illa Illes",iilles8h@studiopress.com,56r6a2
307,"Zaria Mellows",zmellows8i@google.com,qSIbkROveN6v
308,"Bernita Cardon",bcardon8j@live.com,jbyf4DopwjIl
309,"Alisun Blockey",ablockey8k@macromedia.com,vimK5EfgUZ
310,"Dell Baythrop",dbaythrop8l@printfriendly.com,9K929un4uWcz
311,"Jenine Kinavan",jkinavan8m@multiply.com,DvuyJIpmlwUF
312,"Olly Raoul",oraoul8n@epa.gov,NosrDp
313,"Willdon Clutton",wclutton8o@japanpost.jp,UBCDdov
314,"Kassia O'Donoghue",kodonoghue8p@cpanel.net,1hgjiYf4QA
315,"Rosalie Dempster",rdempster8q@google.com.hk,XFDA47ll4
316,"Charlie Ohm",cohm8r@canalblog.com,RrFh5EJm
317,"Katharine Stansell",kstansell8s@utexas.edu,E6dZm6rx1
318,"Niven Riditch",nriditch8t@mediafire.com,KlRV4HJApaW
319,"Leoine Kaasmann",lkaasmann8u@harvard.edu,5C5BaZ7e
320,"Caterina Debenham",cdebenham8v@columbia.edu,l3Cfn2Y
321,"Elka Douthwaite",edouthwaite8w@paypal.com,bsYn3dRr
322,"Nataline Shoard",nshoard8x@columbia.edu,ZrPZODS0z
323,"Jareb Sinderson",jsinderson8y@drupal.org,7pdQaKxpzt
324,"Garvy Kirsop",gkirsop8z@slate.com,R4Deonm
325,"Sianna Bansal",sbansal90@ucoz.ru,M77abd6pI
326,"Julieta Castlake",jcastlake91@tumblr.com,DvscnhK
327,"Yvette Ledster",yledster92@exblog.jp,I0P190DYureu
328,"Celle Ramble",cramble93@hugedomains.com,LbuTE6rhnp
329,"Tommy Menear",tmenear94@a8.net,AhR3KL
330,"Arlen Alf",aalf95@wufoo.com,Fn5ljoq
331,"Willi Krimmer",wkrimmer96@disqus.com,s4w4tvRLa
332,"Esme Romanin",eromanin97@devhub.com,4I5Tj0z
333,"Roana Tutin",rtutin98@friendfeed.com,iaSJJVvPI
334,"Chelsie Crissil",ccrissil99@usgs.gov,UZ2GGczVHbF
335,"Minnie O'Dare",modare9a@canalblog.com,CBTdrLxmR
336,"Jacquette Gaymar",jgaymar9b@washington.edu,qWjv7NM1
337,"Dominick Duggan",dduggan9c@live.com,3KhL4mJ7
338,"Earlie Vigus",evigus9d@canalblog.com,11rxjmb
339,"Ede Veneur",eveneur9e@cpanel.net,VuS4QS
340,"Blake Bollini",bbollini9f@sourceforge.net,IOd1MJBMmWQ
341,"Billie Dunstall",bdunstall9g@reuters.com,lKSTrXBB
342,"Monique Iremonger",miremonger9h@chicagotribune.com,coqfB2KYp
343,"Walt Kleyn",wkleyn9i@typepad.com,hyMIiJdiJVd
344,"Abra Feldmark",afeldmark9j@nsw.gov.au,8JhFTi
345,"Aeriela Peacocke",apeacocke9k@skyrock.com,Sw6aI8y9c
346,"Poul Aberchirder",paberchirder9l@squidoo.com,y90PeaIV9
347,"Millie Gorini",mgorini9m@tiny.cc,LDvml3khEjj
348,"Irvin Benck",ibenck9n@networksolutions.com,KwWdpmvys
349,"Rozele Gale",rgale9o@umn.edu,O0SGb3BeB6Sy
350,"Mariejeanne Sommerlin",msommerlin9p@myspace.com,KrAcL62q6
351,"Thibaut Habron",thabron9q@weibo.com,jkQysA0sZMo
352,"Dolf Morat",dmorat9r@samsung.com,wZkgEztAXx2c
353,"Ysabel Southby",ysouthby9s@scientificamerican.com,cyuwafiPnQO
354,"Ewart Tissier",etissier9t@icq.com,4SBR3Iqc1w
355,"Dudley Jolliss",djolliss9u@bloomberg.com,POyAfJA
356,"Helen-elizabeth Stonehewer",hstonehewer9v@jiathis.com,pkvPCNV
357,"Giorgi Landell",glandell9w@etsy.com,gPjKNzWJCe
358,"Jamill Derx",jderx9x@berkeley.edu,3TPQ6s
359,"Lilah Ridhole",lridhole9y@icq.com,3UX2ps9Rlb
360,"Olag Neagle",oneagle9z@rambler.ru,3AKVFb6A5
361,"Ahmed Speller",aspellera0@friendfeed.com,OIRTWPm
362,"Adriane Elcombe",aelcombea1@va.gov,2r0NucpM94A0
363,"Bryan Pelman",bpelmana2@skyrock.com,ZUgKPnkgExSJ
364,"Ram Ninotti",rninottia3@cloudflare.com,trMqqTXRph
365,"Conn Basire",cbasirea4@blogger.com,A9tcnptywfoT
366,"Nessie Forestall",nforestalla5@opera.com,WPD8gScRIF
367,"Garey Cohalan",gcohalana6@tuttocitta.it,NP09te
368,"Kathryne Herrieven",kherrievena7@ocn.ne.jp,bC7Wbft
369,"Rheba Lettley",rlettleya8@vinaora.com,HyRzL0w
370,"Roxy Middlebrook",rmiddlebrooka9@360.cn,3kvRdbQjh1
371,"Onfroi Burdikin",oburdikinaa@mlb.com,VVXgs26jvT90
372,"Lavinie Yuranovev",lyuranovevab@loc.gov,ovymkW
373,"Lyn Couper",lcouperac@trellian.com,Mj6rUk71ywTk
374,"Clarence Melmeth",cmelmethad@prweb.com,pX9uoqZ7
375,"Norry Summerbell",nsummerbellae@gnu.org,0KPZwQnL
376,"Silva Andrey",sandreyaf@reverbnation.com,bctfN3sCtRC
377,"Leonore Khristyukhin",lkhristyukhinag@feedburner.com,v9maAg
378,"Quinn Hacquel",qhacquelah@alibaba.com,BWUZ1kZtMWt
379,"Biddie Kidston",bkidstonai@ucoz.com,nKXKPTqs
380,"Percival Baston",pbastonaj@youtu.be,6cLhGzL
381,"Lindi Fishley",lfishleyak@weibo.com,qNutop
382,"Jeth Tompkin",jtompkinal@geocities.com,zr3jAGnhoBbO
383,"Debbi Domingues",ddominguesam@taobao.com,aRdQ9Y9b2A
384,"Helen-elizabeth Berling",hberlingan@china.com.cn,fIgnDLCRf
385,"Dav Beatty",dbeattyao@ucoz.ru,XxhvgODBRfVT
386,"Prue Benthall",pbenthallap@seattletimes.com,8NBaBvkGymj
387,"Lyn Stoppard",lstoppardaq@prlog.org,dXKZue24eE
388,"Warren Denford",wdenfordar@salon.com,Wd1wxKpqJ
389,"Germain Queripel",gqueripelas@samsung.com,bx6e3u15Hm
390,"Clement Hackworthy",chackworthyat@timesonline.co.uk,WHF1Uk1auFC
391,"Dill Choke",dchokeau@skyrock.com,821NRScqogL
392,"Chaddie Fellis",cfellisav@dyndns.org,jgEExB4C
393,"Mavis Canner",mcanneraw@addthis.com,nR86ig3z
394,"Barty Lamb-shine",blambshineax@hc360.com,DG88Rx2ZV
395,"Brianna Stratiff",bstratiffay@fema.gov,ZHyp6jR
396,"Rustie Bilham",rbilhamaz@t-online.de,uOwx5o8UAAg
397,"Gifford Perin",gperinb0@cam.ac.uk,ebXTuqtqWTV
398,"Daisi Beldan",dbeldanb1@mail.ru,BQV2tgpa
399,"Wylma Scraney",wscraneyb2@youtu.be,sDiO5LtT4
400,"Percy Belasco",pbelascob3@wix.com,YaTw2n59kfG
401,"Morlee Brown",mbrownb4@plala.or.jp,lOItJc93OZvV
402,"Lorena Kiffin",lkiffinb5@omniture.com,xFksVnL4qjK
403,"Burg Kunat",bkunatb6@sun.com,FbLBmSR6A
404,"Audrey Croydon",acroydonb7@ftc.gov,jUcaSMBBs3
405,"Rebbecca Kornyshev",rkornyshevb8@biblegateway.com,PfJ08tDyr9E
406,"Chere Iorns",ciornsb9@alexa.com,lylp9t8Mla
407,"Ashlan Tincey",atinceyba@sciencedaily.com,BUBcZ7enrM
408,"Wilmer O'Regan",woreganbb@google.com.br,ZtHTUVSLJvz
409,"Adolphus Llop",allopbc@1688.com,x8qoNK2dzwN
410,"Silvain Algate",salgatebd@cafepress.com,jlvtoyad
411,"Catlaina Bowers",cbowersbe@diigo.com,nzIsCMiPOxkB
412,"Thea Brisard",tbrisardbf@google.com.br,dAby6IZOPcjD
413,"Piggy Flucks",pflucksbg@google.com.hk,3HuC3P
414,"Anselm Aldie",aaldiebh@mac.com,HMZj3Y
415,"Dirk Hoggetts",dhoggettsbi@businessweek.com,uC8tpiyQ3dT
416,"Doria Ebbage",debbagebj@cpanel.net,8RhTEmHsGe
417,"Ellynn Gawler",egawlerbk@bbb.org,llPot5fUhlrX
418,"Calhoun Boland",cbolandbl@ed.gov,ynkRCUQUzxL
419,"Cristobal Cromblehome",ccromblehomebm@latimes.com,ZsTwKsC0yBYy
420,"Dorey MacKaig",dmackaigbn@eventbrite.com,R8UNrhqXyh
421,"Sissy Dominguez",sdominguezbo@uiuc.edu,BWvSYozTZN8
422,"Meredithe Huthart",mhuthartbp@sciencedirect.com,ZhEVLl4npj
423,"Arliene Carberry",acarberrybq@plala.or.jp,y26MQDnJJ
424,"Sharity Willoughley",swilloughleybr@photobucket.com,Gf7MzhkJr
425,"Jemima Singleton",jsingletonbs@privacy.gov.au,2smA0H7M6PRn
426,"Sebastian Kendle",skendlebt@irs.gov,nOvIzx
427,"Odo Bowman",obowmanbu@com.com,6FwUEnooSr
428,"Hailee Porker",hporkerbv@dell.com,QA1HMl19zZZ
429,"Karrah Prine",kprinebw@usnews.com,VgOj25VzbTIq
430,"Hart Bromet",hbrometbx@canalblog.com,sqk8RJYMC
431,"Nate Yeabsley",nyeabsleyby@loc.gov,1Tklipj91XaT
432,"Vassili Mewitt",vmewittbz@google.co.jp,rxNFCdqjxhte
433,"Beverley Kave",bkavec0@yellowbook.com,WEXm8q
434,"Peyton Cord",pcordc1@theatlantic.com,Rep7UqhDu9u
435,"Obidiah Richardot",orichardotc2@hubpages.com,QjizPxlx
436,"Eustace Oxlee",eoxleec3@taobao.com,8TZFJRRFZJfw
437,"Josie Ghest",jghestc4@independent.co.uk,fWx8no
438,"Theresita Dunbleton",tdunbletonc5@telegraph.co.uk,mPoufgoBI5wc
439,"Michaella Crowdy",mcrowdyc6@tripod.com,6W2jdYaVrPFr
440,"Jonie Chestney",jchestneyc7@omniture.com,aHSo3Gvwp
441,"Ruy Ellis",rellisc8@narod.ru,VWVZVBxJ6yNc
442,"Emanuele Zeale",ezealec9@usgs.gov,RMuJJOMEEy
443,"Marcelo Bawcock",mbawcockca@yellowbook.com,iCkzK0c
444,"Jessa Comford",jcomfordcb@cdc.gov,ZBDrh7JBDLK
445,"Collen Praundl",cpraundlcc@google.com.hk,XotPHdzY
446,"Cicily Potticary",cpotticarycd@comsenz.com,QUb4QRH
447,"Reade Jowett",rjowettce@google.com.hk,tBLkBvZl2I
448,"Merwin Camacho",mcamachocf@hud.gov,EBF8QieYTmj
449,"Jennilee Giggs",jgiggscg@salon.com,UXbtYHPxh
450,"Amby O'Farrell",aofarrellch@ustream.tv,SocNb3zJEbK4
451,"Tamiko Stuchbury",tstuchburyci@paypal.com,dIC1VEtPgASs
452,"Joachim Selborne",jselbornecj@edublogs.org,SiMN5o
453,"Reena Selborne",rselborneck@gnu.org,8nnfllm
454,"Delores MacDearmid",dmacdearmidcl@gizmodo.com,2SAOVp
455,"Leeanne Feldhammer",lfeldhammercm@nasa.gov,w0JvYRbd
456,"Meridel Meneghelli",mmeneghellicn@netlog.com,EfaEqean0ew0
457,"Daren Randales",drandalesco@home.pl,1dQfQiS
458,"Kial Loyd",kloydcp@rambler.ru,hQnskh
459,"Amanda Grzes",agrzescq@dyndns.org,DwmiFsuMu
460,"Artemus Sudran",asudrancr@cpanel.net,AlvkAnl7
461,"Reine Dowglass",rdowglasscs@usnews.com,rrUXQYd
462,"Dall Warburton",dwarburtonct@ted.com,TJ5aae1va
463,"Mahala Shinton",mshintoncu@sphinn.com,7nf1J5GWe
464,"Lexy Kunzelmann",lkunzelmanncv@businessinsider.com,onrrqaj4Bk6
465,"Alana Imm",aimmcw@lulu.com,vFFknggLPn0M
466,"Amelina Dallan",adallancx@cnn.com,CX9t9KwF7
467,"Giacinta Bazylets",gbazyletscy@clickbank.net,E7e9w3TBEd
468,"Tracie Harpham",tharphamcz@census.gov,d6zn9PnF233
469,"Cristiano Davydenko",cdavydenkod0@usda.gov,Nm1X5TQZay
470,"Klaus Gregolin",kgregolind1@1und1.de,5VeESy1JTMz
471,"Gav Ainsby",gainsbyd2@smh.com.au,HlnYkaymD5Ml
472,"Nicol Cowwell",ncowwelld3@spotify.com,7yp1kEA9
473,"Jorge Eeles",jeelesd4@washingtonpost.com,cPqS2cCQw
474,"Alleyn Thickins",athickinsd5@google.co.jp,aymfbWFze
475,"Leona Beagles",lbeaglesd6@ibm.com,QqPfe1AsEL
476,"Maggi Tatters",mtattersd7@elpais.com,Oy7fv8W
477,"Hillary Finnie",hfinnied8@tripadvisor.com,cTvrB521og
478,"Emiline Drakes",edrakesd9@chron.com,pK8n7hJi9
479,"Sarge Tume",stumeda@blogger.com,IQFNx3NqegN
480,"Viviene Kornyshev",vkornyshevdb@netlog.com,mBIYv24CeV
481,"Tucker Hardinge",thardingedc@multiply.com,9ogtES
482,"Francisca Custance",fcustancedd@fda.gov,FLkcebK
483,"Carma Sadry",csadryde@chicagotribune.com,JvLqhB
484,"Ransom MacDonell",rmacdonelldf@eepurl.com,2PtfvWS5fjqh
485,"Thibaut Woolager",twoolagerdg@miitbeian.gov.cn,szNkc0S
486,"Wendeline Postins",wpostinsdh@yellowbook.com,fW9WtaYxzP1
487,"Drake Braddock",dbraddockdi@skyrock.com,Y72APeY2
488,"Tito Kezourec",tkezourecdj@wired.com,w13xlNJpg
489,"Bernhard Peppin",bpeppindk@statcounter.com,WpWcojfY
490,"Aldo Tomasik",atomasikdl@mapquest.com,K1i3F3
491,"Elsy Cotherill",ecotherilldm@chicagotribune.com,BDvjnJV4tOE
492,"Michaela Stedmond",mstedmonddn@ifeng.com,niEGZO
493,"Ferdy Pay",fpaydo@ow.ly,ocdyF4DvGCRU
494,"Clayton Garfit",cgarfitdp@a8.net,TB7otQ5ih
495,"Pier Tather",ptatherdq@cbslocal.com,2eXAtfgV8
496,"Tracy Harrald",tharralddr@google.com.au,E7xImfBxx4ka
497,"Freddie Kincade",fkincadeds@irs.gov,VExRB0dC8ktr
498,"Heddie Lampe",hlampedt@yolasite.com,IMWhYTBUjD
499,"Ulrick Kebell",ukebelldu@bloglines.com,EwKF3jnhSExa
500,"Maxi Upward",mupwarddv@admin.ch,uVfWI6CZcS
501,"Reynold Sawl",rsawldw@digg.com,iTmRpbhXWknZ
502,"Sallee MacGillreich",smacgillreichdx@fema.gov,WEBogM1ke
503,"Emilie Overshott",eovershottdy@github.io,Bq2mTu
504,"Lynsey Semeradova",lsemeradovadz@blogs.com,zJXB62P
505,"Irwinn Eallis",ieallise0@blog.com,ryuXXSU8
506,"Alexandr Appleford",aappleforde1@blog.com,BIqiuLBEg4j
507,"Tami Peatt",tpeatte2@friendfeed.com,hFaWNptD
508,"Ferdinand Moxson",fmoxsone3@nydailynews.com,LvaxwpRyDD
509,"Stephannie Lamartine",slamartinee4@ca.gov,qrY7H1fq
510,"Roosevelt Burne",rburnee5@mapquest.com,kr90aExJLwI
511,"Randolph Pratley",rpratleye6@ed.gov,l7ukdUUi
512,"Christiana Cuesta",ccuestae7@google.com.au,tzC3jm
513,"Ansley Danilyuk",adanilyuke8@e-recht24.de,on9WMmeBv
514,"Lizette Breed",lbreede9@chron.com,LQuoS622
515,"Stefa Jackett",sjackettea@topsy.com,gZgpMaRpdxE
516,"Britteny McCaghan",bmccaghaneb@mapy.cz,pswJRfONsvrF
517,"Tanhya Yakobovitz",tyakobovitzec@usa.gov,12B3i5I
518,"Rochella Jickles",rjicklesed@histats.com,OG4ry1k
519,"Sybilla Inkles",sinklesee@zimbio.com,Cf8FWYe
520,"Alisha Rowbottom",arowbottomef@scientificamerican.com,IBWHXI
521,"Skelly Koppens",skoppenseg@soup.io,X7UQqqJUKlw1
522,"De witt Treker",dwitteh@deviantart.com,JCyd9kuSsNR1
523,"Kevan Mellon",kmellonei@naver.com,QgQ9GUR5y
524,"Cymbre Lehrle",clehrleej@washingtonpost.com,VO8CDo0yj
525,"Lianna Derye-Barrett",lderyebarrettek@trellian.com,ketmKQ7e
526,"Devlen Saunt",dsauntel@imdb.com,j6QuuweL75
527,"Gloriana Stitt",gstittem@blogger.com,zXD7b2bCB
528,"Katerina Monget",kmongeten@nhs.uk,xJbDTAKhDKQ
529,"Jens Giannasi",jgiannasieo@biglobe.ne.jp,QxRILNdw
530,"Elita Swafford",eswaffordep@icio.us,fRyfUBkztWc
531,"Ainsley D'Ambrogio",adambrogioeq@jalbum.net,Ls8jJ9w
532,"Mead Drennan",mdrennaner@cdc.gov,VEQsolkS5u
533,"Skippie Wetheril",swetheriles@si.edu,QgQWdbvoKH0
534,"Robinia Anwell",ranwellet@rediff.com,Zd7RCEoy
535,"Lester Fysh",lfysheu@engadget.com,muzBXK5sbOv
536,"Les Nurden",lnurdenev@geocities.com,QVfNcAFzsYEF
537,"Shelley Yegorev",syegorevew@ucsd.edu,ZpIhJKMEXR
538,"Opaline Kaliszewski",okaliszewskiex@google.com,Opa3fxsJBuD
539,"Mill Rayne",mrayneey@youtu.be,lTPb5xo
540,"Corrie Richter",crichterez@blogger.com,YIPhrF
541,"Hy Gooley",hgooleyf0@nytimes.com,KYL8gEu
542,"Cornall Rippin",crippinf1@nsw.gov.au,cWTCSavBZD
543,"Ron Mapletoft",rmapletoftf2@nhs.uk,EBZkmqc9
544,"Jerrold Cardenas",jcardenasf3@engadget.com,2FRZShqBSEq
545,"Kathy McInally",kmcinallyf4@globo.com,iYbv6W
546,"Robby Geyton",rgeytonf5@nytimes.com,iR5ygX
547,"Myrtle Millea",mmilleaf6@google.com.au,aWLufrSRKGy
548,"Marci Duffin",mduffinf7@ebay.co.uk,N0tJ1VB
549,"Kellen Rissen",krissenf8@skyrock.com,3LdRHe5XdC
550,"Erik Reavey",ereaveyf9@unicef.org,vz9FXlPHj2
551,"Crista Merner",cmernerfa@elpais.com,Xge1eR1
552,"Rex Grishanin",rgrishaninfb@craigslist.org,9Z9b8BS4Hq
553,"Kaye Breed",kbreedfc@sciencedaily.com,fRZzW2pFoh
554,"Stoddard Potzold",spotzoldfd@purevolume.com,7PQpoNTJGh
555,"Teresita Mullord",tmullordfe@walmart.com,5tIWDjYWk
556,"Klarrisa Shingfield",kshingfieldff@answers.com,NQcxYm5vzVY
557,"Aloise Scarratt",ascarrattfg@un.org,ogOpyyg
558,"Florencia Morat",fmoratfh@forbes.com,0DZk2XegZ0
559,"Bob De Giorgis",bdefi@soup.io,UktKnFCriaU
560,"Bertie Kunkler",bkunklerfj@sciencedaily.com,4W4MqXn7
561,"Nathanial Rowthorne",nrowthornefk@time.com,W5MLOZMIbu
562,"Shelli Gladdish",sgladdishfl@nymag.com,fkunAJ6
563,"Alon Missington",amissingtonfm@thetimes.co.uk,X9u279
564,"Ashlin Bradneck",abradneckfn@simplemachines.org,VuTkqMD
565,"Gaylor Landal",glandalfo@photobucket.com,At1hbYnmZC
566,"Valida Thewlis",vthewlisfp@nps.gov,InQDPY3mE3
567,"Dreddy Missen",dmissenfq@csmonitor.com,BerxhWCTumD
568,"Dallon Slopier",dslopierfr@usda.gov,LbhQHfJ1lT
569,"Bari Kennicott",bkennicottfs@cafepress.com,hWaudVJYP0X3
570,"Gary Ambroisin",gambroisinft@bluehost.com,PyB2CIT
571,"Colby Salvador",csalvadorfu@economist.com,CZLlkC1w387
572,"Kat Andrusyak",kandrusyakfv@trellian.com,OT2odj6YC7yU
573,"Philippa Melody",pmelodyfw@hibu.com,cGFk9FBcufc
574,"Julian Siddaley",jsiddaleyfx@cnet.com,5lWSlI
575,"Hadleigh Genthner",hgenthnerfy@myspace.com,kRSxu7KzgS6F
576,"Aurora Jeeks",ajeeksfz@oracle.com,Yw9UkpdKLSjM
577,"Lizbeth Birnie",lbirnieg0@discuz.net,E9fFQmM
578,"Jerrilee Weddup",jweddupg1@about.me,R93sm1FHu4OZ
579,"Andrey Eccersley",aeccersleyg2@jugem.jp,QEYv1aRUa
580,"Ive Truman",itrumang3@europa.eu,7u88J1VtW
581,"Adrianna Shickle",ashickleg4@illinois.edu,pS62kv7Et
582,"Kristien Pires",kpiresg5@bluehost.com,0A71lW5Sdt9f
583,"Karlen Stormont",kstormontg6@blinklist.com,qWLqatBn6
584,"Tanny Le Franc",tleg7@sciencedirect.com,3uvu7xWY9VZj
585,"Lindi Gieves",lgievesg8@ifeng.com,H5b4eerrsJ8H
586,"Rosella Paszek",rpaszekg9@canalblog.com,CPlC6vzB5
587,"Tabbitha Greenmon",tgreenmonga@jimdo.com,9wm0rPSoW
588,"Clarabelle Neem",cneemgb@toplist.cz,s8EsalWD
589,"Edy Rodrigues",erodriguesgc@reverbnation.com,bDqnb0b
590,"Kendell Viollet",kviolletgd@booking.com,Wtw3spLkSA
591,"Heath Boag",hboagge@abc.net.au,Pw2Jfz
592,"Arte Innis",ainnisgf@cdbaby.com,OFJ6IYNG6wCC
593,"Hervey Mebius",hmebiusgg@topsy.com,LcVwgLNE
594,"Sigismund Flindall",sflindallgh@prlog.org,75bOgM5T
595,"Danna Warner",dwarnergi@slideshare.net,XPgEgaJK
596,"Andriana Churm",achurmgj@washington.edu,EBD7Rs
597,"Patrizio Jiles",pjilesgk@homestead.com,jjSFVMtgqC
598,"Jerrie Robelow",jrobelowgl@dmoz.org,rYYEJ98B0
599,"Scarlet Flowitt",sflowittgm@hc360.com,t5RDqsd
600,"Gunner Amerighi",gamerighign@house.gov,KmW9wG9h
601,"Louis Bullock",lbullockgo@i2i.jp,km66EaeSiZ
602,"Jacinda Canet",jcanetgp@tmall.com,J06wbMYl
603,"Gay Von Brook",gvongq@nhs.uk,yFSVSN6mfZI
604,"Viva Phillpot",vphillpotgr@goo.ne.jp,I1VYdynAAORO
605,"Hermie Sellstrom",hsellstromgs@lulu.com,Tn4LgnwanutN
606,"Pavlov Herkess",pherkessgt@ucla.edu,8WFHMjWXA1
607,"Ervin Meineck",emeineckgu@ftc.gov,6qX0IalMTLb
608,"Kyla Haibel",khaibelgv@hibu.com,eSokViX6GaL4
609,"Winfield Mold",wmoldgw@sbwire.com,VRy9dHLxIR
610,"Rufe Biesterfeld",rbiesterfeldgx@deliciousdays.com,bEyHTFcRmX
611,"Verna Mawhinney",vmawhinneygy@com.com,qQUS1PdD
612,"Sammie Eck",seckgz@theatlantic.com,7EMqH3
613,"Wendeline Kamenar",wkamenarh0@furl.net,GfshjQ0roSXm
614,"Gretta Iglesias",giglesiash1@umn.edu,PJBtw3R
615,"Taryn Booij",tbooijh2@zimbio.com,THwDVb5A4SK
616,"Dallas Myhan",dmyhanh3@dedecms.com,pl3bG3V
617,"Arnoldo Keeney",akeeneyh4@hexun.com,J4puVBjEaFuQ
618,"Lefty Wootton",lwoottonh5@yellowpages.com,XLqdCUZYtw6
619,"Marcille Sinkins",msinkinsh6@dedecms.com,4SRicOKmU
620,"Magdalena Hamprecht",mhamprechth7@barnesandnoble.com,Bg3m6f3MBh
621,"Mellisa Twelftree",mtwelftreeh8@devhub.com,ev9yEIl7e
622,"Ashleigh Glawsop",aglawsoph9@behance.net,DyBzQGOS
623,"Mariam Emanson",memansonha@engadget.com,HvgdLxa35eM4
624,"Christie Richard",crichardhb@wp.com,pu5xv8Gk
625,"Marge Romao",mromaohc@g.co,putlEAcXkqfa
626,"Erminia Philipsson",ephilipssonhd@fotki.com,4lSO5yB
627,"Bartholomeus Shallow",bshallowhe@yellowbook.com,flx0LBH
628,"Margot Alderwick",malderwickhf@bing.com,5Vc77Gk1J
629,"Gretel Josephsen",gjosephsenhg@biglobe.ne.jp,gqLWtMQqWz
630,"Alli Menure",amenurehh@boston.com,V18sxhJRao
631,"Adler McMaster",amcmasterhi@wisc.edu,Zf2vOz
632,"Adamo Pawlik",apawlikhj@bloomberg.com,is90VMk4
633,"Ulla Durrad",udurradhk@globo.com,TEbYRcNyABqc
634,"Delphinia Maddicks",dmaddickshl@mozilla.org,w6AKGgHp4y5
635,"Urbain Esel",ueselhm@ted.com,PQ5Zug3VG1KV
636,"Erwin Pell",epellhn@ebay.co.uk,hD0aHskeL3R
637,"Klaus Mayger",kmaygerho@cnbc.com,z1ZQk17T
638,"Teodoro Belvard",tbelvardhp@statcounter.com,VysNPO1GKQ
639,"Kizzie Flament",kflamenthq@google.nl,dc9Iu5vCNNR
640,"Staffard Swaine",sswainehr@marketwatch.com,mBU5QwExSeF
641,"Abbe Rait",araiths@twitpic.com,jShHR1o7FSrC
642,"Bartholomeus Mutter",bmutterht@slideshare.net,yYTbPIH8
643,"Romy Stockoe",rstockoehu@w3.org,1PmUxIzg
644,"Thedric Kornilyev",tkornilyevhv@reference.com,BzmbXaXUtWe
645,"Ardine Foran",aforanhw@wikipedia.org,JsYI0SIBm
646,"Hendrik Littlemore",hlittlemorehx@cmu.edu,uIEnuq
647,"Jaynell Bront",jbronthy@prweb.com,PYw6ER
648,"Phillip Goodison",pgoodisonhz@naver.com,xVDgjrir
649,"Stanfield Garthside",sgarthsidei0@hp.com,s41dALo
650,"Stafford Kmieciak",skmieciaki1@reddit.com,ZRUeTh1y
651,"Binnie Grewar",bgrewari2@amazon.co.jp,X81uGp4
652,"Ignace Brantzen",ibrantzeni3@oaic.gov.au,17A9fjxIDT
653,"Myrtice McLarnon",mmclarnoni4@jugem.jp,zucPSN
654,"Valaria Pardey",vpardeyi5@plala.or.jp,3e3MF1QO
655,"Chrystal Pinchen",cpincheni6@booking.com,fx8jc1wNTq
656,"Sheri Feldfisher",sfeldfisheri7@arstechnica.com,PcnKbnaHBx49
657,"Hobey Belfelt",hbelfelti8@arizona.edu,HIAUsIm
658,"Mariana Ayris",mayrisi9@drupal.org,8vTWDwxMWv
659,"Corine Way",cwayia@pen.io,vkbOfFxZur7S
660,"Errick Tomblett",etomblettib@goodreads.com,1y6gmWTonlU
661,"Chip Chin",cchinic@nbcnews.com,Oa9OLEhRqyc
662,"Aeriel Langmuir",alangmuirid@gizmodo.com,6PXL12M5GV
663,"Tybie Clem",tclemie@comsenz.com,TWCV0INS531
664,"Raquela Hymor",rhymorif@cnbc.com,gKDn87wW
665,"Evie Cooling",ecoolingig@biglobe.ne.jp,hCrojMp
666,"Dorie Fero",dferoih@hubpages.com,GLzwYbZTx
667,"Tristan Chable",tchableii@deliciousdays.com,2ecKprzsWZvn
668,"Ola Shelsher",oshelsherij@indiegogo.com,Iy99d7
669,"Marcelline Siely",msielyik@hugedomains.com,EsMyd5BJR
670,"Bernie Barends",bbarendsil@npr.org,WmHd6AAL
671,"Emanuel Sabbatier",esabbatierim@naver.com,YUprNp
672,"Sherry Juhruke",sjuhrukein@behance.net,qndWpo2
673,"Lorens Mathieson",lmathiesonio@army.mil,cQrUpdYq
674,"Weston Targett",wtargettip@hatena.ne.jp,wmMIXO7
675,"Roseanna Wisham",rwishamiq@wordpress.org,L9DfWD
676,"Gaspard Chadburn",gchadburnir@barnesandnoble.com,7hHajmoUGTJu
677,"Delano Gateshill",dgateshillis@goodreads.com,rfoQxm8rx
678,"Leontine Falconbridge",lfalconbridgeit@canalblog.com,DxvGcYa
679,"Port Robrow",probrowiu@aboutads.info,87WGGdmiLM
680,"Noland Lownes",nlownesiv@multiply.com,CeEygcLp1SXv
681,"Francene Bayle",fbayleiw@t-online.de,ldBI7YMM
682,"Justinian Aloshikin",jaloshikinix@mapy.cz,kxadaiVOPnz
683,"Godfrey Tuppeny",gtuppenyiy@amazon.de,x14yJELB
684,"Marius Seid",mseidiz@lycos.com,OXwwWW
685,"Brendon Late",blatej0@ebay.com,9wHaiiJj
686,"April Caldes",acaldesj1@amazonaws.com,ali5oVZtKw3W
687,"Alena Candelin",acandelinj2@cnet.com,oLx8IqpZVho
688,"Lauritz Rusted",lrustedj3@merriam-webster.com,mSwwySqu
689,"Kissie McCrae",kmccraej4@soundcloud.com,XTPSJ9PI
690,"Windy Danby",wdanbyj5@histats.com,EodR7m0L
691,"Gertrud McElwee",gmcelweej6@posterous.com,roaxVwF21TiJ
692,"Shane Crepel",screpelj7@virginia.edu,ZUo4SglzIxmz
693,"Brockie McGaugan",bmcgauganj8@phpbb.com,9aJSgwtXr
694,"Jillana Randalson",jrandalsonj9@hibu.com,bJMuFaFLON
695,"Janella Gadd",jgaddja@sciencedaily.com,1BxC4yHSgdj
696,"Anny Stirgess",astirgessjb@telegraph.co.uk,ntQXV3mW
697,"Kirby Van der Mark",kvanjc@php.net,SzTeaLmlzlib
698,"Penn Larret",plarretjd@ca.gov,9LVEvE2Ha
699,"Sara Seczyk",sseczykje@upenn.edu,w9mbsXz
700,"Tobe Joutapaitis",tjoutapaitisjf@hubpages.com,tcZrozHqMiCz
701,"Melesa McAuliffe",mmcauliffejg@facebook.com,M2mq7CtELJ
702,"Brade McNirlan",bmcnirlanjh@elegantthemes.com,UDDpCcMQCF
703,"Val Thecham",vthechamji@aboutads.info,BQBwg7NXpw
704,"Dalenna MacCallion",dmaccallionjj@mlb.com,G54cQ8qmmNB
705,"Fielding McKeag",fmckeagjk@bizjournals.com,BntwEXSlu9z
706,"Curran Blaschek",cblaschekjl@rediff.com,vFIDpgto8Zh
707,"Lorilyn Kentish",lkentishjm@walmart.com,lnW2aQSmWv4m
708,"Kerr Cavendish",kcavendishjn@globo.com,ynxeL56
709,"Hillie Bilby",hbilbyjo@simplemachines.org,xWnLI7FNL
710,"Amelia Naile",anailejp@desdev.cn,N2Q1QuD
711,"Malynda Coltart",mcoltartjq@w3.org,lpSdepfoBH7
712,"Luther Deeley",ldeeleyjr@biglobe.ne.jp,Jl2fict
713,"Frasco Duester",fduesterjs@yale.edu,Cx8cULICi
714,"Valida Feehery",vfeeheryjt@bloglines.com,WZpiluVTkcN
715,"Rutter Sykora",rsykoraju@msn.com,hmSU02c
716,"Donella Stollman",dstollmanjv@istockphoto.com,laGDEjstc
717,"Yelena Vazquez",yvazquezjw@state.tx.us,pbyS633Tugq
718,"Eustacia Vasovic",evasovicjx@eepurl.com,tRFoBTtmAYUm
719,"Ladonna Margach",lmargachjy@adobe.com,IA74LUI2
720,"Willis Clemot",wclemotjz@google.cn,ij8nMMaEMQ
721,"Nolly Myderscough",nmyderscoughk0@vimeo.com,dI2rZVSPTAd
722,"Modesty Carman",mcarmank1@yandex.ru,WnRR0Ryc
723,"Billye Chalcroft",bchalcroftk2@tripod.com,Yaqlm6K
724,"Kaitlynn Andreichik",kandreichikk3@huffingtonpost.com,hFw3OZ
725,"Barbabas Barette",bbarettek4@ibm.com,JBqClRBImLl
726,"Rhody Zanolli",rzanollik5@engadget.com,CYsn2WwV0h
727,"Daryl Rosbottom",drosbottomk6@home.pl,uAlthxoxn34
728,"Rozele Benyon",rbenyonk7@ft.com,2zZnK3swn
729,"Gawen Aylesbury",gaylesburyk8@arstechnica.com,zUj6J2
730,"Michaeline Haccleton",mhaccletonk9@barnesandnoble.com,ZWnbt8o2uYn
731,"Justina Woollam",jwoollamka@skype.com,aUAg5Fhx
732,"Iseabal Cattermoul",icattermoulkb@networksolutions.com,9c7w2VnBOS2
733,"Coralyn Peevor",cpeevorkc@istockphoto.com,RF6mzxQ0mX
734,"Bibbye Lamont",blamontkd@marketwatch.com,f1MWZatdrgj
735,"Ricky Kubek",rkubekke@surveymonkey.com,QxrCDqe
736,"Addie Phillcox",aphillcoxkf@infoseek.co.jp,XmidjJxx31j
737,"Yoko Matijasevic",ymatijasevickg@t-online.de,xUJ1ZvyZ
738,"Leupold Arminger",larmingerkh@taobao.com,4jq4nM
739,"Humfrid Bliss",hblisski@nydailynews.com,kmGx8wz5
740,"Audrye Colby",acolbykj@barnesandnoble.com,VDKMKF3kMYST
741,"Aldin Shovelin",ashovelinkk@goo.gl,G7mo2a0QW
742,"Ailey Colin",acolinkl@techcrunch.com,72Qkph
743,"Dorita Glazyer",dglazyerkm@cmu.edu,s6Hy5H8je9
744,"Harriet Brockelsby",hbrockelsbykn@t-online.de,9D0J1ZZC
745,"Arlyne Lomax",alomaxko@artisteer.com,GnZfjT0s
746,"Tabbie Olland",tollandkp@yelp.com,zO6slG
747,"Cynthy Yule",cyulekq@taobao.com,Gjard7NPqT
748,"Wolfgang Rounding",wroundingkr@mapy.cz,2v2tCUiG
749,"Adena Lafaye",alafayeks@ca.gov,BRZyCDNekHIp
750,"Tatum Lothlorien",tlothlorienkt@gravatar.com,SQbOzendGCQ1
751,"Codie Kyne",ckyneku@xinhuanet.com,4BcgYqmlH
752,"Rainer Enrich",renrichkv@toplist.cz,Em8IgRux4G
753,"Pat Partington",ppartingtonkw@dedecms.com,t7CKE8ZD0i2Q
754,"Kirk Wordsworth",kwordsworthkx@nifty.com,iqvIdnHof
755,"Ware Doogue",wdoogueky@ameblo.jp,xW7ujD
756,"Elvira Roscamps",eroscampskz@goo.gl,AxU8gCE70
757,"Bucky Sapseed",bsapseedl0@cargocollective.com,1kGmBJ
758,"Ariella Iapico",aiapicol1@unblog.fr,GoHnJhjggSCV
759,"Hettie Corpe",hcorpel2@imdb.com,RGdWKyMLqn
760,"Elvis Eshelby",eeshelbyl3@alibaba.com,0T6nhkzO
761,"Corabel Cunliffe",ccunliffel4@cbsnews.com,2hQoxKuB9i25
762,"Kerwin Danby",kdanbyl5@census.gov,TDRO0L0
763,"Jaquith Quantrill",jquantrilll6@rambler.ru,ZcPrT8rBA3J
764,"Merry Covill",mcovilll7@theguardian.com,PPQgXL1u17MK
765,"Karel Tofanelli",ktofanellil8@webs.com,WoO7sa0
766,"Sibyl Birkmyr",sbirkmyrl9@mayoclinic.com,dCRpaP8sTQ
767,"Blanch Tolomelli",btolomellila@sfgate.com,pVXCUj1ReeP
768,"Loree Cromblehome",lcromblehomelb@virginia.edu,TmoN4xXqZXEN
769,"Delinda Iskow",diskowlc@oaic.gov.au,tR56mZ
770,"Zeb Larby",zlarbyld@webmd.com,GdV9PZUCNq8
771,"Louie Brealey",lbrealeyle@sphinn.com,e54SvZ1a2lsZ
772,"Brig Moro",bmorolf@va.gov,8uDD9auLY
773,"Mareah Tritton",mtrittonlg@sun.com,lCTDO8Tq
774,"Shurlock Faraker",sfarakerlh@spiegel.de,gveSw3ik
775,"Ozzy O'Loughlin",ooloughlinli@nymag.com,GeZKIqdp
776,"Zondra Alster",zalsterlj@spotify.com,0pXzDvGVDRc
777,"Yoko Vaudrey",yvaudreylk@google.ru,XLomPl
778,"Marybeth Collingwood",mcollingwoodll@tinypic.com,WS60JRNsj
779,"Aretha Shevels",ashevelslm@desdev.cn,qospZq38d
780,"Alleen Mitie",amitieln@simplemachines.org,p3ReZNktBvn
781,"Pavlov Maltster",pmaltsterlo@behance.net,UsLEZCS
782,"Fabian MacAndreis",fmacandreislp@cyberchimps.com,g6nzcMY
783,"Emily Geibel",egeibellq@comcast.net,0RTnr5
784,"Dannie Kuhlen",dkuhlenlr@usnews.com,8qURzL5nSD
785,"Bobbee Wartonby",bwartonbyls@timesonline.co.uk,1UnnHw
786,"Massimiliano Morfey",mmorfeylt@privacy.gov.au,oMed6nNwx
787,"Thedric Bonniface",tbonnifacelu@buzzfeed.com,maQp0lMjQFg
788,"Blondy O'Dee",bodeelv@usnews.com,jkWBMQwRomm
789,"Gayleen Robinet",grobinetlw@slashdot.org,SdEpppV
790,"Ernesto Sewart",esewartlx@mediafire.com,sRTP3fxHAe
791,"Wren Smitheman",wsmithemanly@cnet.com,26XXvRStYx
792,"Courtenay Shovelton",cshoveltonlz@biglobe.ne.jp,3orugc1fT7X
793,"Minerva Gummie",mgummiem0@theguardian.com,bM4EmjRk
794,"Eadmund Entres",eentresm1@jalbum.net,VCnQmtXLrROO
795,"Anselma MacGrath",amacgrathm2@123-reg.co.uk,Ko1ghTfnjWkw
796,"Harv Parminter",hparminterm3@shinystat.com,VAdRgR8
797,"Eleanor Vasilkov",evasilkovm4@boston.com,ZOLBnWUwMmg9
798,"Gaspar Burde",gburdem5@huffingtonpost.com,byyCYEh
799,"Henrietta Nottingham",hnottinghamm6@theatlantic.com,hB0mgP273BQ4
800,"Corabella O'Fihillie",cofihilliem7@blog.com,iBfhkE0b5I8
801,"Hurlee Stack",hstackm8@homestead.com,nPLeVm6tVR
802,"Vivyan Howard",vhowardm9@people.com.cn,Ih16ZbjP
803,"Augustine Shay",ashayma@ifeng.com,HARHhsSJ
804,"Berrie Chadwin",bchadwinmb@clickbank.net,NV5LmmtGA3tG
805,"Iona Vescovini",ivescovinimc@networksolutions.com,vzvXVPVRCek
806,"Stanly Scoular",sscoularmd@shop-pro.jp,XeiS9Gcc
807,"Delmore Townend",dtownendme@sitemeter.com,o0jUr9XD9o
808,"Adrienne Naptin",anaptinmf@disqus.com,H1qQAjow
809,"Willette Purves",wpurvesmg@craigslist.org,0sKv7ulZE
810,"Grazia Clayal",gclayalmh@clickbank.net,MZhICUcF
811,"Carena Durrance",cdurrancemi@sun.com,4TZd30YFeiE
812,"Erma Fenby",efenbymj@sciencedirect.com,ZVX0vyF0
813,"Aridatha Cinderey",acindereymk@squidoo.com,ElSD4NtnyPg
814,"Elisha Judson",ejudsonml@vk.com,ia7en7KvJ
815,"Hew Austin",haustinmm@hc360.com,V4X8uc
816,"Karlene Willey",kwilleymn@cyberchimps.com,UecneHPDa6
817,"Rossie McCuthais",rmccuthaismo@dmoz.org,htP1XGy8sL7
818,"Rikki Willes",rwillesmp@fda.gov,GZwDtKHG4C
819,"Ali Camps",acampsmq@nps.gov,smGjvv
820,"Jarad Lammers",jlammersmr@hhs.gov,sBTJoi1it
821,"Artie Cholerton",acholertonms@wufoo.com,L5fpM5E4a
822,"Dickie Pareman",dparemanmt@geocities.jp,rnaTnvV
823,"Newton Genery",ngenerymu@soundcloud.com,F7iHJv1wpcdn
824,"Nisse Davidow",ndavidowmv@youku.com,25ObS2
825,"Tabbatha Heynel",theynelmw@booking.com,gQZmtj14
826,"Michele Archibold",marchiboldmx@noaa.gov,nHNDZfAFi6lk
827,"Peder McQuillan",pmcquillanmy@hud.gov,gdoiccl
828,"Micky Franies",mfraniesmz@smugmug.com,71EmUIRv2
829,"Yolanthe Parren",yparrenn0@mayoclinic.com,H9RO562bW
830,"Roanne Bettam",rbettamn1@scientificamerican.com,pxrfcjwq3
831,"Rustin Chsteney",rchsteneyn2@nifty.com,ieadb9VgYjAx
832,"Zorina Wootton",zwoottonn3@printfriendly.com,ibIh6soMSDcF
833,"Corry Screase",cscreasen4@technorati.com,2PtfzVN9
834,"Odille Fenners",ofennersn5@washingtonpost.com,qgn3tFHOI0k
835,"Sadella Kepe",skepen6@sina.com.cn,6lI1hirKtK0
836,"Goraud Vignaux",gvignauxn7@auda.org.au,EDfyARMp
837,"Torie Carlow",tcarlown8@yellowpages.com,wIOoeW
838,"Lauralee Cotelard",lcotelardn9@unblog.fr,V9f5mWDMkI
839,"Daryn Pearcy",dpearcyna@answers.com,5cziext
840,"Genevieve Karle",gkarlenb@github.io,HyTL2CH7s4xH
841,"La verne Lightollers",lvernenc@google.it,J3AvPPiKcv
842,"Douglass Meuse",dmeusend@issuu.com,BlGm0HZVvb
843,"Ignazio Smallwood",ismallwoodne@skype.com,EbMlDouj
844,"Clemmie Saladino",csaladinonf@wufoo.com,d27sjLSHvn
845,"Reid MacKaile",rmackaileng@marketwatch.com,bPe7YWeI4j3j
846,"Fancie Trathan",ftrathannh@smh.com.au,TqcRCg0oQmR
847,"Goldie Lucken",gluckenni@cargocollective.com,roUa4ZLdb
848,"Kayle Gellibrand",kgellibrandnj@fc2.com,Js6C8l
849,"Ulrick Maisey",umaiseynk@quantcast.com,kZJdDg0tH4
850,"Piggy Hurler",phurlernl@paginegialle.it,DyOOXtcO
851,"Sophia Walthall",swalthallnm@whitehouse.gov,rJJR1fUaorFq
852,"Raymond Hodgon",rhodgonnn@google.co.jp,f8pDRu3YtVUc
853,"Shauna Shurey",sshureyno@livejournal.com,VIJf70
854,"Gerladina Hurdman",ghurdmannp@virginia.edu,y4qrKAodp5
855,"Arabele Regan",aregannq@hostgator.com,7WfHfp9h54uk
856,"Diane-marie Robilart",drobilartnr@storify.com,BclogdqQIn
857,"Reggy Goodbairn",rgoodbairnns@bluehost.com,HpzdlHuBCRP
858,"Gilbert Artin",gartinnt@amazon.de,xM8cflG1
859,"Crista Twizell",ctwizellnu@harvard.edu,kV4LhL6
860,"Merilee MacNeilly",mmacneillynv@dagondesign.com,bYev8Cq1
861,"Rycca McGinn",rmcginnnw@spiegel.de,QV7cso
862,"Filbert Ligoe",fligoenx@wunderground.com,p3QQFWaXD0g
863,"Fifine Carlisle",fcarlisleny@pagesperso-orange.fr,H0I04CsUiPf5
864,"Stephana Cavill",scavillnz@umich.edu,9HbefvV1tq
865,"Kamilah Stanford",kstanfordo0@skype.com,TfKb54W
866,"Cornall McLaren",cmclareno1@1und1.de,6kTADa
867,"Aloysia Currom",acurromo2@sciencedaily.com,q4FSsr
868,"Craig De Souza",cdeo3@oracle.com,db6aeExM
869,"Netty Gaynes",ngayneso4@etsy.com,fkuLFPJ4Q2O
870,"Betti Pre",bpreo5@yellowbook.com,WFCqCtdWh
871,"Wolfy McHaffy",wmchaffyo6@japanpost.jp,VPDC0VL
872,"Gabi Giampietro",ggiampietroo7@nps.gov,htrX3hhf9
873,"Erasmus Hackwell",ehackwello8@smh.com.au,Sw7PzV8rw
874,"Davy Levy",dlevyo9@prweb.com,DgDUz6d6vV
875,"Clayborne Causby",ccausbyoa@wikispaces.com,3CzYkdJ04eX
876,"Blane Grafton",bgraftonob@thetimes.co.uk,byH9wri2jMcy
877,"Dorette Blaase",dblaaseoc@opensource.org,64Wal1gYMoR
878,"Kirk Ubsdale",kubsdaleod@dailymotion.com,2RB7XVs
879,"Lauri Wethers",lwethersoe@google.ca,jy9PYAtlF
880,"Reider Renshell",rrenshellof@1und1.de,aOMHO2JQP
881,"Burg Leonida",bleonidaog@webs.com,EdwgonxfDv0N
882,"Celine Beeden",cbeedenoh@people.com.cn,GAX7tcJpy
883,"Lorena Snookes",lsnookesoi@yelp.com,q99aBHBU
884,"Rosalia Salmon",rsalmonoj@vimeo.com,2ixG6PVDT
885,"Ev Tregona",etregonaok@nih.gov,c27X9pV
886,"Bessy Matkovic",bmatkovicol@deviantart.com,Dt8oq2h
887,"Bibbie Solley",bsolleyom@alibaba.com,tgQAyg8eG2
888,"Tabbie Cisneros",tcisneroson@indiatimes.com,yprkz9fK
889,"Mace Hourican",mhouricanoo@plala.or.jp,K2iAjSfpv
890,"Sherwynd Galler",sgallerop@1und1.de,zJbKm65Zx
891,"Trumaine Glenny",tglennyoq@mediafire.com,IyVPq7COrY
892,"Ursula Scorthorne",uscorthorneor@macromedia.com,Fu7lL5
893,"Gibbie Toghill",gtoghillos@samsung.com,2vcmLRd
894,"Ebeneser Culver",eculverot@ucoz.com,idH1ImuV
895,"Sadella Bartens",sbartensou@princeton.edu,GET5DKNOpc
896,"Early Mailes",emailesov@howstuffworks.com,7CnF2jIb
897,"Gracie Melladew",gmelladewow@alibaba.com,ivaq9aOZ8
898,"Albie Cumine",acumineox@yolasite.com,6pu6zqNW
899,"Sherry Liver",sliveroy@yellowpages.com,cViWQ00ga
900,"Rufe Windross",rwindrossoz@diigo.com,zsCkYDPv7Jk
901,"Selinda Icom",sicomp0@google.de,caytHk5
902,"Anallese Larrington",alarringtonp1@hexun.com,YLb7ceKq
903,"Melesa Stallwood",mstallwoodp2@chicagotribune.com,WMQUvjc
904,"Mose Goricke",mgorickep3@cargocollective.com,JLClcbMMrBrz
905,"Ashlie Isson",aissonp4@hatena.ne.jp,C5i6xJli1DS3
906,"Neile Bennington",nbenningtonp5@nymag.com,bSV9sMOPc
907,"Fancy Reddle",freddlep6@zdnet.com,khGOxj
908,"Maggie Angelini",mangelinip7@free.fr,tKtxCGqg
909,"Otha Dayer",odayerp8@biglobe.ne.jp,qzrCR4T5
910,"Isabeau Stagg",istaggp9@ucla.edu,UOK5IL
911,"Giavani Mordecai",gmordecaipa@techcrunch.com,hCeaxUnT3
912,"Mord Mucillo",mmucillopb@moonfruit.com,VtomHMlCGOt5
913,"Esteban Dureden",eduredenpc@stumbleupon.com,LbKSq2
914,"Alina Lampl",alamplpd@canalblog.com,O0hfDbG4Hm59
915,"Dotty O'Callaghan",docallaghanpe@wikipedia.org,xzliisqWrLeA
916,"Waldon Kinge",wkingepf@bloomberg.com,0z7eBHpsu
917,"Corri Rummings",crummingspg@slideshare.net,FdJueoF8
918,"Baxter Valintine",bvalintineph@ca.gov,d2j6KNyFN7zF
919,"Aharon Duberry",aduberrypi@liveinternet.ru,4S9usPahoda
920,"Lilla Goves",lgovespj@house.gov,LsC2rvpj
921,"Rudolph Davidsohn",rdavidsohnpk@uol.com.br,ensCbdtLoA
922,"Jeddy Cumberbatch",jcumberbatchpl@blinklist.com,nxT2VR
923,"Gwynne Aldwich",galdwichpm@facebook.com,a4mkPbTznda
924,"Carter Chavez",cchavezpn@ask.com,L2ukBmTwDbs
925,"Culver Goldsby",cgoldsbypo@illinois.edu,tRhEDu4Qv6
926,"Lena Ida",lidapp@github.com,qZNwUTBBAdM
927,"Cherin Houdhury",choudhurypq@ucla.edu,5a4cSi
928,"Marcia Dalgardno",mdalgardnopr@hc360.com,OmDB8ElF
929,"Dorolisa Garretson",dgarretsonps@t.co,ieXMGh0QC
930,"Farley Ranahan",franahanpt@usatoday.com,sJkPDNHke
931,"Lisetta Swanne",lswannepu@behance.net,M2ZQCd
932,"Danice Henze",dhenzepv@unesco.org,PWidtKr
933,"Ryan Poulett",rpoulettpw@mashable.com,QswvkX7
934,"Benny Lannon",blannonpx@behance.net,xjaVyTe4Ngk
935,"Leonard Hedgeman",lhedgemanpy@free.fr,02FvKunXQ
936,"Silvain Whitwood",swhitwoodpz@unicef.org,xseePFn76
937,"Vasily Whittek",vwhittekq0@usnews.com,bpcTgamnnsJ
938,"Walther Pooke",wpookeq1@ca.gov,S4jLbu0gR
939,"Nessy Wellfare",nwellfareq2@un.org,1GmdNwvf9
940,"Happy Foakes",hfoakesq3@opensource.org,QeLBBVVAElKl
941,"Germaine Fetters",gfettersq4@tmall.com,LoceaR42vl
942,"Benedict McGeraghty",bmcgeraghtyq5@buzzfeed.com,5019kQ
943,"Lissi Toogood",ltoogoodq6@twitter.com,Pq3goPG
944,"Randy Harborow",rharborowq7@soundcloud.com,1A8Eki
945,"Virginia Balshaw",vbalshawq8@seattletimes.com,mEJJjqv2DpBF
946,"Curcio Hucks",chucksq9@wordpress.org,WLRbTts0g9u
947,"Porty Cowdery",pcowderyqa@a8.net,TwxuGD
948,"Arlina Duffield",aduffieldqb@geocities.com,9wDoZgZr
949,"Wiley Pighills",wpighillsqc@apache.org,K8SzsZ
950,"Margareta Gavin",mgavinqd@ask.com,8zIdNryZI8lc
951,"Morey Barbe",mbarbeqe@infoseek.co.jp,mPMB8DMP0E
952,"Laureen Mum",lmumqf@flavors.me,nEmrb4N8yl
953,"Ase Zmitruk",azmitrukqg@macromedia.com,USi2eFS47H
954,"Chadwick Chipp",cchippqh@bloomberg.com,w6EfbXN
955,"Ryon Carvill",rcarvillqi@go.com,ee1bcAmzUme
956,"Marrilee O'Donnell",modonnellqj@about.me,lje6DF
957,"Neala Kitcat",nkitcatqk@ameblo.jp,MbQVTFn
958,"Irvin Repp",ireppql@domainmarket.com,bNUsv28tL67
959,"Fee Bigg",fbiggqm@apple.com,Kn8qmDjuYJks
960,"Noell Fabri",nfabriqn@ucoz.com,5YPLcTZx
961,"Turner Baudino",tbaudinoqo@twitpic.com,NGD1MgANr
962,"Bevin Merryman",bmerrymanqp@slideshare.net,LKEu88
963,"Fletch Cadden",fcaddenqq@tuttocitta.it,yfe1MXkI
964,"Eugene Wallis",ewallisqr@free.fr,dKf0eO
965,"Billi Mewhirter",bmewhirterqs@hostgator.com,uwppzCyR3TKA
966,"Brandyn Dowsett",bdowsettqt@qq.com,gcbo7nu0C
967,"Clarissa Sedwick",csedwickqu@sogou.com,Drde3aeKge
968,"Jude Fomichyov",jfomichyovqv@paginegialle.it,WQeTpSqBtTt
969,"Issy Naile",inaileqw@nhs.uk,UOzptqvWz
970,"Ambrosi Van Schafflaer",avanqx@phoca.cz,87r7vGpTxUR
971,"Perkin Ornillos",pornillosqy@ebay.com,G7b1LR
972,"Gallard Itzcovich",gitzcovichqz@salon.com,DN236o2H
973,"Allayne Gedney",agedneyr0@cocolog-nifty.com,yw8WzA6Em
974,"Eloisa Jakubovsky",ejakubovskyr1@oracle.com,lgB1aaF46
975,"Paula Maunton",pmauntonr2@nydailynews.com,EODfoEc
976,"Slade Cathrae",scathraer3@tiny.cc,MSBDuGCJ
977,"Dori Morten",dmortenr4@flavors.me,aVUZ2xB
978,"Birk Cosson",bcossonr5@spotify.com,MR4PthxNSAb
979,"Harlie Midlar",hmidlarr6@1688.com,Vzztq1Vhu
980,"Liv Kochs",lkochsr7@cyberchimps.com,Atesl1CuzPT
981,"Electra Fahrenbacher",efahrenbacherr8@paginegialle.it,5Z2qUPu
982,"Rodolphe Kelwaybamber",rkelwaybamberr9@dot.gov,MZ0fJg
983,"Enoch Mcasparan",emcasparanra@4shared.com,CLucbxBq9
984,"Craggie Edger",cedgerrb@vk.com,pT8RhAb1r
985,"Bald Bratty",bbrattyrc@google.it,aZbYHgo4h
986,"Angele Hamshar",ahamsharrd@example.com,DCrcSa5XZ
987,"Anastasie Hudless",ahudlessre@meetup.com,uiUOq07dHDr
988,"Liliane Gouldthorpe",lgouldthorperf@gravatar.com,vulsni
989,"Elaina Simmonite",esimmoniterg@cdc.gov,O3mXVBJ
990,"Gay Melville",gmelvillerh@epa.gov,5yTX1QdTbrhT
991,"Archibald Tapson",atapsonri@wikipedia.org,v0M6O9
992,"Cami Zoephel",czoephelrj@privacy.gov.au,jOBuL3iyeDq
993,"Malva Alton",maltonrk@unicef.org,hEV5YK
994,"Ysabel Ellerby",yellerbyrl@rediff.com,Xb9csgd
995,"Nerty Broadbere",nbroadbererm@wikimedia.org,QTT58J
996,"Babb McCarrison",bmccarrisonrn@cnbc.com,0pRbLujFiEs0
997,"Tori Dionsetti",tdionsettiro@ca.gov,7QQHbnsedL0
998,"Breanne Meadows",bmeadowsrp@chron.com,2hYdpzVPiB
999,"Fayth Seeman",fseemanrq@amazon.com,XXI3PhLLwN
1000,"Abby Plumtree",aplumtreerr@weebly.com,i6EMVY
